[26.24086129 62.04737081 25.43669014 25.43669014 33.99728314],3.0,-0.7284051077048943,[25.84154971 61.97461089 25.43669014 25.43669014 34.10789868],False
[25.84154971 61.97461089 25.43669014 25.43669014 34.10789868],3.0,-0.3333333333333333,[25.44222461 61.90184259 25.43669014 25.43669014 34.21851309],False
[25.44222461 61.90184259 25.43669014 25.43669014 34.21851309],3.0,-0.5,[25.04289954 61.82907449 25.43669014 25.43669014 34.3291275 ],False
[25.04289954 61.82907449 25.43669014 25.43669014 34.3291275 ],4.0,-0.6666666666666666,[24.64357448 61.75630656 25.43669014 25.43669014 34.43974192],False
[24.64357448 61.75630656 25.43669014 25.43669014 34.43974192],4.0,0.8333333333333334,[24.24424942 61.6835386  25.43669014 25.43669014 34.55035634],False
[24.24424942 61.6835386  25.43669014 25.43669014 34.55035634],3.0,1.0,[23.84492435 61.61077024 25.43669014 25.43669014 34.66097075],False
[23.84492435 61.61077024 25.43669014 25.43669014 34.66097075],4.0,1.1666666666666667,[23.44559928 61.53800214 25.43669014 25.43669014 34.77158517],False
[23.44559928 61.53800214 25.43669014 25.43669014 34.77158517],4.0,1.3333333333333333,[23.04627421 61.46523421 25.43669014 25.43669014 34.88219959],False
[23.04627421 61.46523421 25.43669014 25.43669014 34.88219959],4.0,1.5,[22.64694916 61.39246624 25.43669014 25.43669014 34.992814  ],False
[22.64694916 61.39246624 25.43669014 25.43669014 34.992814  ],4.0,1.6666666666666667,[22.24762408 61.31969788 25.43669014 25.43669014 35.10342842],False
[22.24762408 61.31969788 25.43669014 25.43669014 35.10342842],4.0,1.8333333333333333,[21.84829901 61.24692978 25.43669014 25.43669014 35.21404283],False
[21.84829901 61.24692978 25.43669014 25.43669014 35.21404283],4.0,2.0,[21.44897395 61.17416186 25.43669014 25.43669014 35.32465725],False
[21.44897395 61.17416186 25.43669014 25.43669014 35.32465725],4.0,2.1666666666666665,[21.04964889 61.10139389 25.43669014 25.43669014 35.43527167],False
[21.04964889 61.10139389 25.43669014 25.43669014 35.43527167],4.0,2.3333333333333335,[20.65032382 61.02862553 25.43669014 25.43669014 35.54588608],False
[20.65032382 61.02862553 25.43669014 25.43669014 35.54588608],4.0,2.5,[20.25099875 60.95585743 25.43669014 25.43669014 35.6565005 ],False
[20.25099875 60.95585743 25.43669014 25.43669014 35.6565005 ],4.0,2.6666666666666665,[19.85167368 60.8830895  25.43669014 25.43669014 35.76711492],False
[19.85167368 60.8830895  25.43669014 25.43669014 35.76711492],4.0,2.8333333333333335,[19.45234863 60.81032153 25.43669014 25.43669014 35.87772933],False
[19.45234863 60.81032153 25.43669014 25.43669014 35.87772933],22.0,-1.5,[19.05302355 60.73755318 25.43669014 25.43669014 35.98834375],False
[19.05302355 60.73755318 25.43669014 25.43669014 35.98834375],22.0,3.1666666666666665,[18.65369848 60.66478507 25.43669014 25.43669014 36.09895816],False
[18.65369848 60.66478507 25.43669014 25.43669014 36.09895816],22.0,3.3333333333333335,[18.25437342 60.59201715 25.43669014 25.43669014 36.20957258],False
[18.25437342 60.59201715 25.43669014 25.43669014 36.20957258],22.0,3.5,[17.85504836 60.51924918 25.43669014 25.43669014 36.320187  ],False
[17.85504836 60.51924918 25.43669014 25.43669014 36.320187  ],22.0,3.6666666666666665,[17.45572329 60.44648082 25.43669014 25.43669014 36.43080141],False
[17.45572329 60.44648082 25.43669014 25.43669014 36.43080141],22.0,3.8333333333333335,[17.05639822 60.37371272 25.43669014 25.43669014 36.54141583],False
[17.05639822 60.37371272 25.43669014 25.43669014 36.54141583],22.0,4.0,[26.50670951 61.65660143 22.14806122 22.14806122 32.62312016],True
[25.83841582 80.25248122 23.63407143 23.63407143 33.32518919],14.0,-0.0,[25.42998709 78.89952394 23.63407143 23.63407143 33.35008947],False
[26.40293958 56.92024373 26.05666667 26.05666667 33.06518667],3.0,-0.16666666666666666,[26.0087158  57.64805481 26.05666667 26.05666667 33.21972966],False
[26.0087158  57.64805481 26.05666667 26.05666667 33.21972966],3.0,0.3333333333333333,[25.61449458 58.37595549 26.05666667 26.05666667 33.37427292],False
[25.61449458 58.37595549 26.05666667 26.05666667 33.37427292],3.0,0.5,[25.22027335 59.10385622 26.05666667 26.05666667 33.52881619],False
[25.22027335 59.10385622 26.05666667 26.05666667 33.52881619],3.0,0.6666666666666666,[24.82605212 59.8317568  26.05666667 26.05666667 33.68335946],False
[24.82605212 59.8317568  26.05666667 26.05666667 33.68335946],4.0,0.8333333333333334,[24.4318309  60.55965748 26.05666667 26.05666667 33.83790272],False
[24.4318309  60.55965748 26.05666667 26.05666667 33.83790272],22.0,-2.715915448759052,[24.03760967 61.28755821 26.05666667 26.05666667 33.99244599],False
[24.03760967 61.28755821 26.05666667 26.05666667 33.99244599],4.0,1.1666666666666667,[23.64338844 62.01545879 26.05666667 26.05666667 34.14698925],False
[23.64338844 62.01545879 26.05666667 26.05666667 34.14698925],4.0,1.3333333333333333,[23.24916721 62.74335948 26.05666667 26.05666667 34.30153251],False
[23.24916721 62.74335948 26.05666667 26.05666667 34.30153251],4.0,1.5,[22.85494598 63.4712602  26.05666667 26.05666667 34.45607578],False
[22.85494598 63.4712602  26.05666667 26.05666667 34.45607578],4.0,1.6666666666666667,[22.46072476 64.19916078 26.05666667 26.05666667 34.61061904],False
[22.46072476 64.19916078 26.05666667 26.05666667 34.61061904],3.0,1.8333333333333333,[22.06650353 64.92706147 26.05666667 26.05666667 34.7651623 ],False
[22.06650353 64.92706147 26.05666667 26.05666667 34.7651623 ],3.0,2.0,[21.6722823  65.6549622  26.05666667 26.05666667 34.91970557],False
[21.6722823  65.6549622  26.05666667 26.05666667 34.91970557],4.0,2.1666666666666665,[21.27806107 66.38286278 26.05666667 26.05666667 35.07424884],False
[21.27806107 66.38286278 26.05666667 26.05666667 35.07424884],4.0,2.3333333333333335,[20.88383985 67.11076346 26.05666667 26.05666667 35.2287921 ],False
[20.88383985 67.11076346 26.05666667 26.05666667 35.2287921 ],4.0,2.5,[20.48961862 67.83866419 26.05666667 26.05666667 35.38333537],False
[20.48961862 67.83866419 26.05666667 26.05666667 35.38333537],4.0,2.6666666666666665,[20.09539739 68.56656477 26.05666667 26.05666667 35.53787863],False
[20.09539739 68.56656477 26.05666667 26.05666667 35.53787863],4.0,2.8333333333333335,[19.70117617 69.29446545 26.05666667 26.05666667 35.69242189],False
[19.70117617 69.29446545 26.05666667 26.05666667 35.69242189],4.0,3.0,[19.30695493 70.02236618 26.05666667 26.05666667 35.84696516],False
[19.30695493 70.02236618 26.05666667 26.05666667 35.84696516],4.0,3.1666666666666665,[18.91273371 70.75026676 26.05666667 26.05666667 36.00150842],False
[18.91273371 70.75026676 26.05666667 26.05666667 36.00150842],4.0,3.3333333333333335,[18.51851248 71.47816744 26.05666667 26.05666667 36.15605168],False
[18.51851248 71.47816744 26.05666667 26.05666667 36.15605168],4.0,3.5,[18.12429125 72.20606817 26.05666667 26.05666667 36.31059495],False
[18.12429125 72.20606817 26.05666667 26.05666667 36.31059495],4.0,3.6666666666666665,[17.73007002 72.93396875 26.05666667 26.05666667 36.46513822],False
[17.73007002 72.93396875 26.05666667 26.05666667 36.46513822],4.0,3.8333333333333335,[17.3358488  73.66186944 26.05666667 26.05666667 36.61968148],False
[17.3358488  73.66186944 26.05666667 26.05666667 36.61968148],22.0,-2.0,[24.65360981 75.0556379  19.86823529 19.86823529 32.76069736],True
[25.85819818 83.15769616 23.63407143 23.63407143 33.32023105],24.0,-0.0,[25.46026573 82.16261228 23.63407143 23.63407143 33.34597208],False
[26.40293958 56.92024373 26.05666667 26.05666667 33.06518667],3.0,-0.16666666666666666,[26.0087158  57.64805481 26.05666667 26.05666667 33.21972966],False
[26.0087158  57.64805481 26.05666667 26.05666667 33.21972966],3.0,0.3333333333333333,[25.61449458 58.37595549 26.05666667 26.05666667 33.37427292],False
[25.61449458 58.37595549 26.05666667 26.05666667 33.37427292],3.0,0.5,[25.22027335 59.10385622 26.05666667 26.05666667 33.52881619],False
[25.22027335 59.10385622 26.05666667 26.05666667 33.52881619],3.0,0.6666666666666666,[24.82605212 59.8317568  26.05666667 26.05666667 33.68335946],False
[24.82605212 59.8317568  26.05666667 26.05666667 33.68335946],3.0,0.8333333333333334,[24.4318309  60.55965748 26.05666667 26.05666667 33.83790272],False
[24.4318309  60.55965748 26.05666667 26.05666667 33.83790272],3.0,1.0,[24.03760967 61.28755821 26.05666667 26.05666667 33.99244599],False
[24.03760967 61.28755821 26.05666667 26.05666667 33.99244599],3.0,1.1666666666666667,[23.64338844 62.01545879 26.05666667 26.05666667 34.14698925],False
[23.64338844 62.01545879 26.05666667 26.05666667 34.14698925],3.0,1.3333333333333333,[23.24916721 62.74335948 26.05666667 26.05666667 34.30153251],False
[23.24916721 62.74335948 26.05666667 26.05666667 34.30153251],3.0,1.5,[22.85494598 63.4712602  26.05666667 26.05666667 34.45607578],False
[22.85494598 63.4712602  26.05666667 26.05666667 34.45607578],4.0,1.6666666666666667,[22.46072476 64.19916078 26.05666667 26.05666667 34.61061904],False
[22.46072476 64.19916078 26.05666667 26.05666667 34.61061904],3.0,1.8333333333333333,[22.06650353 64.92706147 26.05666667 26.05666667 34.7651623 ],False
[22.06650353 64.92706147 26.05666667 26.05666667 34.7651623 ],4.0,2.0,[21.6722823  65.6549622  26.05666667 26.05666667 34.91970557],False
[21.6722823  65.6549622  26.05666667 26.05666667 34.91970557],4.0,2.1666666666666665,[21.27806107 66.38286278 26.05666667 26.05666667 35.07424884],False
[21.27806107 66.38286278 26.05666667 26.05666667 35.07424884],4.0,2.3333333333333335,[20.88383985 67.11076346 26.05666667 26.05666667 35.2287921 ],False
[20.88383985 67.11076346 26.05666667 26.05666667 35.2287921 ],4.0,2.5,[20.48961862 67.83866419 26.05666667 26.05666667 35.38333537],False
[20.48961862 67.83866419 26.05666667 26.05666667 35.38333537],4.0,2.6666666666666665,[20.09539739 68.56656477 26.05666667 26.05666667 35.53787863],False
[20.09539739 68.56656477 26.05666667 26.05666667 35.53787863],4.0,2.8333333333333335,[19.70117617 69.29446545 26.05666667 26.05666667 35.69242189],False
[19.70117617 69.29446545 26.05666667 26.05666667 35.69242189],4.0,3.0,[19.30695493 70.02236618 26.05666667 26.05666667 35.84696516],False
[19.30695493 70.02236618 26.05666667 26.05666667 35.84696516],4.0,3.1666666666666665,[18.91273371 70.75026676 26.05666667 26.05666667 36.00150842],False
[18.91273371 70.75026676 26.05666667 26.05666667 36.00150842],4.0,3.3333333333333335,[18.51851248 71.47816744 26.05666667 26.05666667 36.15605168],False
[18.51851248 71.47816744 26.05666667 26.05666667 36.15605168],4.0,3.5,[18.12429125 72.20606817 26.05666667 26.05666667 36.31059495],False
[18.12429125 72.20606817 26.05666667 26.05666667 36.31059495],4.0,3.6666666666666665,[17.73007002 72.93396875 26.05666667 26.05666667 36.46513822],False
[17.73007002 72.93396875 26.05666667 26.05666667 36.46513822],4.0,3.8333333333333335,[17.3358488  73.66186944 26.05666667 26.05666667 36.61968148],False
[17.3358488  73.66186944 26.05666667 26.05666667 36.61968148],4.0,4.0,[25.46278002 82.65566233 22.99904762 22.99904762 33.44020599],True
[24.47869666 82.774553   19.51275229 19.51275229 31.74224329],5.0,-0.0,[24.59432897 76.95579249 19.51275229 19.51275229 31.61906043],False
[26.40293958 56.92024373 26.05666667 26.05666667 33.06518667],16.0,-0.16666666666666666,[26.0087158  57.64805481 26.05666667 26.05666667 33.21972966],False
[26.0087158  57.64805481 26.05666667 26.05666667 33.21972966],22.0,-0.25145263404285007,[25.61449458 58.37595549 26.05666667 26.05666667 33.37427292],False
[25.61449458 58.37595549 26.05666667 26.05666667 33.37427292],16.0,0.3463763549084202,[25.22027335 59.10385622 26.05666667 26.05666667 33.52881619],False
[25.22027335 59.10385622 26.05666667 26.05666667 33.52881619],3.0,-0.24009111634165237,[24.82605212 59.8317568  26.05666667 26.05666667 33.68335946],False
[24.82605212 59.8317568  26.05666667 26.05666667 33.68335946],4.0,0.8333333333333334,[24.4318309  60.55965748 26.05666667 26.05666667 33.83790272],False
[24.4318309  60.55965748 26.05666667 26.05666667 33.83790272],4.0,1.0,[24.03760967 61.28755821 26.05666667 26.05666667 33.99244599],False
[24.03760967 61.28755821 26.05666667 26.05666667 33.99244599],4.0,1.1666666666666667,[23.64338844 62.01545879 26.05666667 26.05666667 34.14698925],False
[23.64338844 62.01545879 26.05666667 26.05666667 34.14698925],4.0,1.3333333333333333,[23.24916721 62.74335948 26.05666667 26.05666667 34.30153251],False
[23.24916721 62.74335948 26.05666667 26.05666667 34.30153251],4.0,1.5,[22.85494598 63.4712602  26.05666667 26.05666667 34.45607578],False
[22.85494598 63.4712602  26.05666667 26.05666667 34.45607578],4.0,1.6666666666666667,[22.46072476 64.19916078 26.05666667 26.05666667 34.61061904],False
[22.46072476 64.19916078 26.05666667 26.05666667 34.61061904],3.0,1.8333333333333333,[22.06650353 64.92706147 26.05666667 26.05666667 34.7651623 ],False
[22.06650353 64.92706147 26.05666667 26.05666667 34.7651623 ],3.0,2.0,[21.6722823  65.6549622  26.05666667 26.05666667 34.91970557],False
[21.6722823  65.6549622  26.05666667 26.05666667 34.91970557],4.0,2.1666666666666665,[21.27806107 66.38286278 26.05666667 26.05666667 35.07424884],False
[21.27806107 66.38286278 26.05666667 26.05666667 35.07424884],4.0,2.3333333333333335,[20.88383985 67.11076346 26.05666667 26.05666667 35.2287921 ],False
[20.88383985 67.11076346 26.05666667 26.05666667 35.2287921 ],3.0,2.5,[20.48961862 67.83866419 26.05666667 26.05666667 35.38333537],False
[20.48961862 67.83866419 26.05666667 26.05666667 35.38333537],3.0,2.6666666666666665,[20.09539739 68.56656477 26.05666667 26.05666667 35.53787863],False
[20.09539739 68.56656477 26.05666667 26.05666667 35.53787863],3.0,2.8333333333333335,[19.70117617 69.29446545 26.05666667 26.05666667 35.69242189],False
[19.70117617 69.29446545 26.05666667 26.05666667 35.69242189],3.0,3.0,[19.30695493 70.02236618 26.05666667 26.05666667 35.84696516],False
[19.30695493 70.02236618 26.05666667 26.05666667 35.84696516],5.0,3.1666666666666665,[18.91273371 70.75026676 26.05666667 26.05666667 36.00150842],False
[18.91273371 70.75026676 26.05666667 26.05666667 36.00150842],4.0,3.3333333333333335,[18.51851248 71.47816744 26.05666667 26.05666667 36.15605168],False
[18.51851248 71.47816744 26.05666667 26.05666667 36.15605168],3.0,3.5,[18.12429125 72.20606817 26.05666667 26.05666667 36.31059495],False
[18.12429125 72.20606817 26.05666667 26.05666667 36.31059495],3.0,3.6666666666666665,[17.73007002 72.93396875 26.05666667 26.05666667 36.46513822],False
[17.73007002 72.93396875 26.05666667 26.05666667 36.46513822],4.0,3.8333333333333335,[17.3358488  73.66186944 26.05666667 26.05666667 36.61968148],False
[17.3358488  73.66186944 26.05666667 26.05666667 36.61968148],3.0,4.0,[24.04420893 76.39536047 24.19563107 24.19563107 31.81283286],True
[23.96730779 83.00628281 19.452      19.452      32.04759088],14.0,-0.0,[24.09445982 77.19673905 19.452      19.452      31.92155829],False
[26.40293958 56.92024373 26.05666667 26.05666667 33.06518667],21.0,-0.4919116313538705,[26.0087158  57.64805481 26.05666667 26.05666667 33.21972966],False
[26.0087158  57.64805481 26.05666667 26.05666667 33.21972966],16.0,0.16521403262381656,[25.61449458 58.37595549 26.05666667 26.05666667 33.37427292],False
[25.61449458 58.37595549 26.05666667 26.05666667 33.37427292],13.0,-0.2786236450915798,[25.22027335 59.10385622 26.05666667 26.05666667 33.52881619],False
[25.22027335 59.10385622 26.05666667 26.05666667 33.52881619],13.0,0.6666666666666666,[24.82605212 59.8317568  26.05666667 26.05666667 33.68335946],False
[24.82605212 59.8317568  26.05666667 26.05666667 33.68335946],3.0,-0.5525217172537022,[24.4318309  60.55965748 26.05666667 26.05666667 33.83790272],False
[24.4318309  60.55965748 26.05666667 26.05666667 33.83790272],4.0,1.0,[24.03760967 61.28755821 26.05666667 26.05666667 33.99244599],False
[24.03760967 61.28755821 26.05666667 26.05666667 33.99244599],13.0,-2.9386056386030996,[23.64338844 62.01545879 26.05666667 26.05666667 34.14698925],False
[23.64338844 62.01545879 26.05666667 26.05666667 34.14698925],4.0,-0.0955922923737802,[23.24916721 62.74335948 26.05666667 26.05666667 34.30153251],False
[23.24916721 62.74335948 26.05666667 26.05666667 34.30153251],4.0,1.5,[22.85494598 63.4712602  26.05666667 26.05666667 34.45607578],False
[22.85494598 63.4712602  26.05666667 26.05666667 34.45607578],4.0,1.6666666666666667,[22.46072476 64.19916078 26.05666667 26.05666667 34.61061904],False
[22.46072476 64.19916078 26.05666667 26.05666667 34.61061904],4.0,1.8333333333333333,[22.06650353 64.92706147 26.05666667 26.05666667 34.7651623 ],False
[22.06650353 64.92706147 26.05666667 26.05666667 34.7651623 ],4.0,2.0,[21.6722823  65.6549622  26.05666667 26.05666667 34.91970557],False
[21.6722823  65.6549622  26.05666667 26.05666667 34.91970557],4.0,2.1666666666666665,[21.27806107 66.38286278 26.05666667 26.05666667 35.07424884],False
[21.27806107 66.38286278 26.05666667 26.05666667 35.07424884],4.0,2.3333333333333335,[20.88383985 67.11076346 26.05666667 26.05666667 35.2287921 ],False
[20.88383985 67.11076346 26.05666667 26.05666667 35.2287921 ],4.0,2.5,[20.48961862 67.83866419 26.05666667 26.05666667 35.38333537],False
[20.48961862 67.83866419 26.05666667 26.05666667 35.38333537],4.0,2.6666666666666665,[20.09539739 68.56656477 26.05666667 26.05666667 35.53787863],False
[20.09539739 68.56656477 26.05666667 26.05666667 35.53787863],4.0,2.8333333333333335,[19.70117617 69.29446545 26.05666667 26.05666667 35.69242189],False
[19.70117617 69.29446545 26.05666667 26.05666667 35.69242189],4.0,3.0,[19.30695493 70.02236618 26.05666667 26.05666667 35.84696516],False
[19.30695493 70.02236618 26.05666667 26.05666667 35.84696516],4.0,3.1666666666666665,[18.91273371 70.75026676 26.05666667 26.05666667 36.00150842],False
[18.91273371 70.75026676 26.05666667 26.05666667 36.00150842],4.0,3.3333333333333335,[18.51851248 71.47816744 26.05666667 26.05666667 36.15605168],False
[18.51851248 71.47816744 26.05666667 26.05666667 36.15605168],4.0,3.5,[18.12429125 72.20606817 26.05666667 26.05666667 36.31059495],False
[18.12429125 72.20606817 26.05666667 26.05666667 36.31059495],4.0,3.6666666666666665,[17.73007002 72.93396875 26.05666667 26.05666667 36.46513822],False
[17.73007002 72.93396875 26.05666667 26.05666667 36.46513822],4.0,3.8333333333333335,[17.3358488  73.66186944 26.05666667 26.05666667 36.61968148],False
[17.3358488  73.66186944 26.05666667 26.05666667 36.61968148],4.0,4.0,[24.44083606 70.14367795 23.26923077 23.26923077 32.04070374],True
[25.54211767 79.05275619 23.38313725 23.38313725 32.73328066],22.0,-0.0,[25.19656415 77.81636942 23.38313725 23.38313725 32.75677786],False
[27.25322472 62.82906191 26.05666667 26.05666667 33.17035008],16.0,-0.16666666666666666,[26.85900873 63.55679199 26.05666667 26.05666667 33.32489383],False
[26.85900873 63.55679199 26.05666667 26.05666667 33.32489383],16.0,-0.3333333333333333,[26.4647875  64.28469272 26.05666667 26.05666667 33.47943708],False
[26.4647875  64.28469272 26.05666667 26.05666667 33.47943708],16.0,-0.5,[26.07056627 65.0125933  26.05666667 26.05666667 33.63398035],False
[26.07056627 65.0125933  26.05666667 26.05666667 33.63398035],16.0,-0.6666666666666666,[25.67634505 65.74049398 26.05666667 26.05666667 33.78852361],False
[25.67634505 65.74049398 26.05666667 26.05666667 33.78852361],16.0,-0.8333333333333334,[25.28212382 66.46839471 26.05666667 26.05666667 33.94306688],False
[25.28212382 66.46839471 26.05666667 26.05666667 33.94306688],16.0,-1.0,[24.88790259 67.19629529 26.05666667 26.05666667 34.09761014],False
[24.88790259 67.19629529 26.05666667 26.05666667 34.09761014],4.0,-0.2262765113628665,[24.49368137 67.92419598 26.05666667 26.05666667 34.2521534 ],False
[24.49368137 67.92419598 26.05666667 26.05666667 34.2521534 ],4.0,1.3333333333333333,[24.09946014 68.6520967  26.05666667 26.05666667 34.40669667],False
[24.09946014 68.6520967  26.05666667 26.05666667 34.40669667],4.0,1.5,[23.70523891 69.37999728 26.05666667 26.05666667 34.56123994],False
[23.70523891 69.37999728 26.05666667 26.05666667 34.56123994],4.0,1.6666666666666667,[23.31101768 70.10789797 26.05666667 26.05666667 34.7157832 ],False
[23.31101768 70.10789797 26.05666667 26.05666667 34.7157832 ],4.0,1.8333333333333333,[22.91679645 70.8357987  26.05666667 26.05666667 34.87032646],False
[22.91679645 70.8357987  26.05666667 26.05666667 34.87032646],4.0,2.0,[22.52257523 71.56369928 26.05666667 26.05666667 35.02486973],False
[22.52257523 71.56369928 26.05666667 26.05666667 35.02486973],4.0,2.1666666666666665,[22.128354   72.29159996 26.05666667 26.05666667 35.17941299],False
[22.128354   72.29159996 26.05666667 26.05666667 35.17941299],4.0,2.3333333333333335,[21.73413277 73.01950069 26.05666667 26.05666667 35.33395626],False
[21.73413277 73.01950069 26.05666667 26.05666667 35.33395626],4.0,2.5,[21.33991154 73.74740127 26.05666667 26.05666667 35.48849952],False
[21.33991154 73.74740127 26.05666667 26.05666667 35.48849952],4.0,2.6666666666666665,[20.94569032 74.47530195 26.05666667 26.05666667 35.64304278],False
[20.94569032 74.47530195 26.05666667 26.05666667 35.64304278],4.0,2.8333333333333335,[20.55146909 75.20320268 26.05666667 26.05666667 35.79758605],False
[20.55146909 75.20320268 26.05666667 26.05666667 35.79758605],4.0,3.0,[20.15724786 75.93110326 26.05666667 26.05666667 35.95212932],False
[20.15724786 75.93110326 26.05666667 26.05666667 35.95212932],4.0,3.1666666666666665,[19.76302664 76.65900394 26.05666667 26.05666667 36.10667258],False
[19.76302664 76.65900394 26.05666667 26.05666667 36.10667258],4.0,3.3333333333333335,[19.3688054  77.38690467 26.05666667 26.05666667 36.26121585],False
[19.3688054  77.38690467 26.05666667 26.05666667 36.26121585],4.0,3.5,[18.97458418 78.11480525 26.05666667 26.05666667 36.41575911],False
[18.97458418 78.11480525 26.05666667 26.05666667 36.41575911],4.0,3.6666666666666665,[18.58036295 78.84270594 26.05666667 26.05666667 36.57030237],False
[18.58036295 78.84270594 26.05666667 26.05666667 36.57030237],4.0,3.8333333333333335,[18.18614172 79.57060666 26.05666667 26.05666667 36.72484564],False
[18.18614172 79.57060666 26.05666667 26.05666667 36.72484564],4.0,4.0,[27.6796301  73.67850283 25.9645     25.9645     33.37786772],True
[24.44083606 70.14367795 23.26923077 23.26923077 32.04070374],23.0,0.0,[24.11247634 68.80828821 23.26923077 23.26923077 32.06238887],False
[26.85999605 58.86461395 26.05666667 26.05666667 33.16360853],5.0,-0.16666666666666666,[26.4658136  59.59224141 26.05666667 26.05666667 33.31815578],False
[26.4658136  59.59224141 26.05666667 26.05666667 33.31815578],4.0,-0.3333333333333333,[26.07159238 60.32014217 26.05666667 26.05666667 33.47269905],False
[26.07159238 60.32014217 26.05666667 26.05666667 33.47269905],23.0,-2.7678980943746865,[25.67737115 61.04804276 26.05666667 26.05666667 33.62724232],False
[25.67737115 61.04804276 26.05666667 26.05666667 33.62724232],4.0,-0.8924570487191279,[25.28314992 61.77594347 26.05666667 26.05666667 33.78178558],False
[25.28314992 61.77594347 26.05666667 26.05666667 33.78178558],4.0,0.8333333333333334,[24.88892869 62.50384416 26.05666667 26.05666667 33.93632885],False
[24.88892869 62.50384416 26.05666667 26.05666667 33.93632885],4.0,1.0,[24.49470746 63.23174475 26.05666667 26.05666667 34.09087211],False
[24.49470746 63.23174475 26.05666667 26.05666667 34.09087211],4.0,1.1666666666666667,[24.10048624 63.95964547 26.05666667 26.05666667 34.24541537],False
[24.10048624 63.95964547 26.05666667 26.05666667 34.24541537],4.0,1.3333333333333333,[23.70626501 64.68754615 26.05666667 26.05666667 34.39995864],False
[23.70626501 64.68754615 26.05666667 26.05666667 34.39995864],4.0,1.5,[23.31204378 65.41544675 26.05666667 26.05666667 34.5545019 ],False
[23.31204378 65.41544675 26.05666667 26.05666667 34.5545019 ],4.0,1.6666666666666667,[22.91782256 66.14334746 26.05666667 26.05666667 34.70904516],False
[22.91782256 66.14334746 26.05666667 26.05666667 34.70904516],4.0,1.8333333333333333,[22.52360133 66.87124814 26.05666667 26.05666667 34.86358843],False
[22.52360133 66.87124814 26.05666667 26.05666667 34.86358843],4.0,2.0,[22.1293801  67.59914874 26.05666667 26.05666667 35.0181317 ],False
[22.1293801  67.59914874 26.05666667 26.05666667 35.0181317 ],4.0,2.1666666666666665,[21.73515887 68.32704945 26.05666667 26.05666667 35.17267496],False
[21.73515887 68.32704945 26.05666667 26.05666667 35.17267496],4.0,2.3333333333333335,[21.34093765 69.05495013 26.05666667 26.05666667 35.32721823],False
[21.34093765 69.05495013 26.05666667 26.05666667 35.32721823],4.0,2.5,[20.94671641 69.78285073 26.05666667 26.05666667 35.48176149],False
[20.94671641 69.78285073 26.05666667 26.05666667 35.48176149],4.0,2.6666666666666665,[20.55249519 70.51075144 26.05666667 26.05666667 35.63630475],False
[20.55249519 70.51075144 26.05666667 26.05666667 35.63630475],4.0,2.8333333333333335,[20.15827396 71.23865213 26.05666667 26.05666667 35.79084802],False
[20.15827396 71.23865213 26.05666667 26.05666667 35.79084802],4.0,3.0,[19.76405273 71.96655272 26.05666667 26.05666667 35.94539128],False
[19.76405273 71.96655272 26.05666667 26.05666667 35.94539128],4.0,3.1666666666666665,[19.36983151 72.69445344 26.05666667 26.05666667 36.09993454],False
[19.36983151 72.69445344 26.05666667 26.05666667 36.09993454],4.0,3.3333333333333335,[18.97561028 73.42235412 26.05666667 26.05666667 36.25447781],False
[18.97561028 73.42235412 26.05666667 26.05666667 36.25447781],4.0,3.5,[18.58138905 74.15025471 26.05666667 26.05666667 36.40902108],False
[18.58138905 74.15025471 26.05666667 26.05666667 36.40902108],4.0,3.6666666666666665,[18.18716783 74.87815543 26.05666667 26.05666667 36.56356434],False
[18.18716783 74.87815543 26.05666667 26.05666667 36.56356434],4.0,3.8333333333333335,[17.7929466  75.60605611 26.05666667 26.05666667 36.71810761],False
[17.7929466  75.60605611 26.05666667 26.05666667 36.71810761],4.0,4.0,[24.49459263 63.92207637 19.93083333 19.93083333 33.60320241],True
[23.82207134 70.26538849 24.19563107 24.19563107 31.74754468],13.0,0.0,[23.48857614 69.89974286 24.19563107 24.19563107 31.78765035],False
[26.85999605 58.86461395 26.05666667 26.05666667 33.16360853],5.0,-0.16666666666666666,[26.4658136  59.59224141 26.05666667 26.05666667 33.31815578],False
[26.4658136  59.59224141 26.05666667 26.05666667 33.31815578],5.0,-0.3333333333333333,[26.07159238 60.32014217 26.05666667 26.05666667 33.47269905],False
[26.07159238 60.32014217 26.05666667 26.05666667 33.47269905],3.0,-0.5,[25.67737115 61.04804276 26.05666667 26.05666667 33.62724232],False
[25.67737115 61.04804276 26.05666667 26.05666667 33.62724232],3.0,-0.6666666666666666,[25.28314992 61.77594347 26.05666667 26.05666667 33.78178558],False
[25.28314992 61.77594347 26.05666667 26.05666667 33.78178558],5.0,0.8333333333333334,[24.88892869 62.50384416 26.05666667 26.05666667 33.93632885],False
[24.88892869 62.50384416 26.05666667 26.05666667 33.93632885],4.0,1.0,[24.49470746 63.23174475 26.05666667 26.05666667 34.09087211],False
[24.49470746 63.23174475 26.05666667 26.05666667 34.09087211],5.0,1.1666666666666667,[24.10048624 63.95964547 26.05666667 26.05666667 34.24541537],False
[24.10048624 63.95964547 26.05666667 26.05666667 34.24541537],4.0,1.3333333333333333,[23.70626501 64.68754615 26.05666667 26.05666667 34.39995864],False
[23.70626501 64.68754615 26.05666667 26.05666667 34.39995864],5.0,1.5,[23.31204378 65.41544675 26.05666667 26.05666667 34.5545019 ],False
[23.31204378 65.41544675 26.05666667 26.05666667 34.5545019 ],4.0,1.6666666666666667,[22.91782256 66.14334746 26.05666667 26.05666667 34.70904516],False
[22.91782256 66.14334746 26.05666667 26.05666667 34.70904516],3.0,1.8333333333333333,[22.52360133 66.87124814 26.05666667 26.05666667 34.86358843],False
[22.52360133 66.87124814 26.05666667 26.05666667 34.86358843],4.0,2.0,[22.1293801  67.59914874 26.05666667 26.05666667 35.0181317 ],False
[22.1293801  67.59914874 26.05666667 26.05666667 35.0181317 ],3.0,2.1666666666666665,[21.73515887 68.32704945 26.05666667 26.05666667 35.17267496],False
[21.73515887 68.32704945 26.05666667 26.05666667 35.17267496],3.0,2.3333333333333335,[21.34093765 69.05495013 26.05666667 26.05666667 35.32721823],False
[21.34093765 69.05495013 26.05666667 26.05666667 35.32721823],4.0,2.5,[20.94671641 69.78285073 26.05666667 26.05666667 35.48176149],False
[20.94671641 69.78285073 26.05666667 26.05666667 35.48176149],4.0,2.6666666666666665,[20.55249519 70.51075144 26.05666667 26.05666667 35.63630475],False
[20.55249519 70.51075144 26.05666667 26.05666667 35.63630475],4.0,2.8333333333333335,[20.15827396 71.23865213 26.05666667 26.05666667 35.79084802],False
[20.15827396 71.23865213 26.05666667 26.05666667 35.79084802],4.0,3.0,[19.76405273 71.96655272 26.05666667 26.05666667 35.94539128],False
[19.76405273 71.96655272 26.05666667 26.05666667 35.94539128],4.0,3.1666666666666665,[19.36983151 72.69445344 26.05666667 26.05666667 36.09993454],False
[19.36983151 72.69445344 26.05666667 26.05666667 36.09993454],4.0,3.3333333333333335,[18.97561028 73.42235412 26.05666667 26.05666667 36.25447781],False
[18.97561028 73.42235412 26.05666667 26.05666667 36.25447781],4.0,3.5,[18.58138905 74.15025471 26.05666667 26.05666667 36.40902108],False
[18.58138905 74.15025471 26.05666667 26.05666667 36.40902108],4.0,3.6666666666666665,[18.18716783 74.87815543 26.05666667 26.05666667 36.56356434],False
[18.18716783 74.87815543 26.05666667 26.05666667 36.56356434],4.0,3.8333333333333335,[17.7929466  75.60605611 26.05666667 26.05666667 36.71810761],False
[17.7929466  75.60605611 26.05666667 26.05666667 36.71810761],4.0,4.0,[26.95465455 80.18166384 23.07708333 23.07708333 34.23315169],True
[27.29394326 68.82321054 25.9645     25.9645     33.47465874],19.0,-0.0,[26.86521968 69.35771415 25.9645     25.9645     33.61790471],False
[26.86521968 69.35771415 25.9645     25.9645     33.61790471],19.0,-0.16666666666666666,[26.46728204 69.95142049 25.9645     25.9645     33.76579026],False
[26.46728204 69.95142049 25.9645     25.9645     33.76579026],3.0,-0.7445470063737609,[26.06933504 70.54525994 25.9645     25.9645     33.91367498],False
[26.06933504 70.54525994 25.9645     25.9645     33.91367498],3.0,-0.5,[25.67138804 71.13909915 25.9645     25.9645     34.06155969],False
[25.67138804 71.13909915 25.9645     25.9645     34.06155969],3.0,-0.6666666666666666,[25.27344104 71.73293836 25.9645     25.9645     34.20944439],False
[25.27344104 71.73293836 25.9645     25.9645     34.20944439],3.0,-0.8333333333333334,[24.87549403 72.32677758 25.9645     25.9645     34.3573291 ],False
[24.87549403 72.32677758 25.9645     25.9645     34.3573291 ],3.0,-1.0,[24.47754703 72.92061679 25.9645     25.9645     34.50521381],False
[24.47754703 72.92061679 25.9645     25.9645     34.50521381],3.0,-1.1666666666666667,[24.07960003 73.514456   25.9645     25.9645     34.65309852],False
[24.07960003 73.514456   25.9645     25.9645     34.65309852],4.0,1.3333333333333333,[23.68165303 74.10829522 25.9645     25.9645     34.80098323],False
[23.68165303 74.10829522 25.9645     25.9645     34.80098323],4.0,1.5,[23.28370602 74.70213443 25.9645     25.9645     34.94886793],False
[23.28370602 74.70213443 25.9645     25.9645     34.94886793],3.0,1.6666666666666667,[22.88575902 75.29597364 25.9645     25.9645     35.09675264],False
[22.88575902 75.29597364 25.9645     25.9645     35.09675264],4.0,1.8333333333333333,[22.48781202 75.88981286 25.9645     25.9645     35.24463735],False
[22.48781202 75.88981286 25.9645     25.9645     35.24463735],4.0,2.0,[22.08986502 76.48365207 25.9645     25.9645     35.39252206],False
[22.08986502 76.48365207 25.9645     25.9645     35.39252206],4.0,2.1666666666666665,[21.69191802 77.07749128 25.9645     25.9645     35.54040677],False
[21.69191802 77.07749128 25.9645     25.9645     35.54040677],4.0,2.3333333333333335,[21.29397101 77.6713305  25.9645     25.9645     35.68829147],False
[21.29397101 77.6713305  25.9645     25.9645     35.68829147],4.0,2.5,[20.89602401 78.26516971 25.9645     25.9645     35.83617618],False
[20.89602401 78.26516971 25.9645     25.9645     35.83617618],4.0,2.6666666666666665,[20.49807701 78.85900892 25.9645     25.9645     35.98406089],False
[20.49807701 78.85900892 25.9645     25.9645     35.98406089],4.0,2.8333333333333335,[20.10013001 79.45284814 25.9645     25.9645     36.1319456 ],False
[20.10013001 79.45284814 25.9645     25.9645     36.1319456 ],4.0,3.0,[19.702183   80.04668735 25.9645     25.9645     36.27983031],False
[19.702183   80.04668735 25.9645     25.9645     36.27983031],4.0,3.1666666666666665,[19.304236   80.64052656 25.9645     25.9645     36.42771501],False
[19.304236   80.64052656 25.9645     25.9645     36.42771501],4.0,3.3333333333333335,[18.906289   81.23436578 25.9645     25.9645     36.57559972],False
[18.906289   81.23436578 25.9645     25.9645     36.57559972],4.0,3.5,[18.508342   81.82820499 25.9645     25.9645     36.72348443],False
[18.508342   81.82820499 25.9645     25.9645     36.72348443],4.0,3.6666666666666665,[18.110395   82.4220442  25.9645     25.9645     36.87136914],False
[18.110395   82.4220442  25.9645     25.9645     36.87136914],4.0,3.8333333333333335,[17.71244799 83.01588342 25.9645     25.9645     37.01925384],False
[17.71244799 83.01588342 25.9645     25.9645     37.01925384],4.0,4.0,[25.45377874 78.93064725 23.38313725 23.38313725 32.75078792],True
[27.45696281 71.74487397 25.9645     25.9645     33.44461823],19.0,-0.0,[27.03658705 72.38923535 25.9645     25.9645     33.59017731],False
[27.25322472 62.82906191 26.05666667 26.05666667 33.17035008],5.0,-0.16666666666666666,[26.85900873 63.55679199 26.05666667 26.05666667 33.32489383],False
[26.85900873 63.55679199 26.05666667 26.05666667 33.32489383],5.0,-0.3333333333333333,[26.4647875  64.28469272 26.05666667 26.05666667 33.47943708],False
[26.4647875  64.28469272 26.05666667 26.05666667 33.47943708],3.0,-0.5,[26.07056627 65.0125933  26.05666667 26.05666667 33.63398035],False
[26.07056627 65.0125933  26.05666667 26.05666667 33.63398035],3.0,-0.6666666666666666,[25.67634505 65.74049398 26.05666667 26.05666667 33.78852361],False
[25.67634505 65.74049398 26.05666667 26.05666667 33.78852361],3.0,-0.8333333333333334,[25.28212382 66.46839471 26.05666667 26.05666667 33.94306688],False
[25.28212382 66.46839471 26.05666667 26.05666667 33.94306688],3.0,-1.0,[24.88790259 67.19629529 26.05666667 26.05666667 34.09761014],False
[24.88790259 67.19629529 26.05666667 26.05666667 34.09761014],3.0,1.1666666666666667,[24.49368137 67.92419598 26.05666667 26.05666667 34.2521534 ],False
[24.49368137 67.92419598 26.05666667 26.05666667 34.2521534 ],3.0,1.3333333333333333,[24.09946014 68.6520967  26.05666667 26.05666667 34.40669667],False
[24.09946014 68.6520967  26.05666667 26.05666667 34.40669667],3.0,1.5,[23.70523891 69.37999728 26.05666667 26.05666667 34.56123994],False
[23.70523891 69.37999728 26.05666667 26.05666667 34.56123994],3.0,1.6666666666666667,[23.31101768 70.10789797 26.05666667 26.05666667 34.7157832 ],False
[23.31101768 70.10789797 26.05666667 26.05666667 34.7157832 ],3.0,1.8333333333333333,[22.91679645 70.8357987  26.05666667 26.05666667 34.87032646],False
[22.91679645 70.8357987  26.05666667 26.05666667 34.87032646],4.0,2.0,[22.52257523 71.56369928 26.05666667 26.05666667 35.02486973],False
[22.52257523 71.56369928 26.05666667 26.05666667 35.02486973],3.0,2.1666666666666665,[22.128354   72.29159996 26.05666667 26.05666667 35.17941299],False
[22.128354   72.29159996 26.05666667 26.05666667 35.17941299],4.0,2.3333333333333335,[21.73413277 73.01950069 26.05666667 26.05666667 35.33395626],False
[21.73413277 73.01950069 26.05666667 26.05666667 35.33395626],4.0,2.5,[21.33991154 73.74740127 26.05666667 26.05666667 35.48849952],False
[21.33991154 73.74740127 26.05666667 26.05666667 35.48849952],4.0,2.6666666666666665,[20.94569032 74.47530195 26.05666667 26.05666667 35.64304278],False
[20.94569032 74.47530195 26.05666667 26.05666667 35.64304278],4.0,2.8333333333333335,[20.55146909 75.20320268 26.05666667 26.05666667 35.79758605],False
[20.55146909 75.20320268 26.05666667 26.05666667 35.79758605],4.0,3.0,[20.15724786 75.93110326 26.05666667 26.05666667 35.95212932],False
[20.15724786 75.93110326 26.05666667 26.05666667 35.95212932],4.0,3.1666666666666665,[19.76302664 76.65900394 26.05666667 26.05666667 36.10667258],False
[19.76302664 76.65900394 26.05666667 26.05666667 36.10667258],4.0,3.3333333333333335,[19.3688054  77.38690467 26.05666667 26.05666667 36.26121585],False
[19.3688054  77.38690467 26.05666667 26.05666667 36.26121585],4.0,3.5,[18.97458418 78.11480525 26.05666667 26.05666667 36.41575911],False
[18.97458418 78.11480525 26.05666667 26.05666667 36.41575911],4.0,3.6666666666666665,[18.58036295 78.84270594 26.05666667 26.05666667 36.57030237],False
[18.58036295 78.84270594 26.05666667 26.05666667 36.57030237],4.0,3.8333333333333335,[18.18614172 79.57060666 26.05666667 26.05666667 36.72484564],False
[18.18614172 79.57060666 26.05666667 26.05666667 36.72484564],4.0,4.0,[25.64785401 49.92299151 24.59211538 24.59211538 32.50900341],True
[23.98736772 84.05062324 19.452      19.452      32.33134403],12.0,-0.0,[24.11455299 78.38100305 19.452      19.452      32.20458466],False
[27.25322472 62.82906191 26.05666667 26.05666667 33.17035008],13.0,-0.16666666666666666,[26.85900873 63.55679199 26.05666667 26.05666667 33.32489383],False
[26.85900873 63.55679199 26.05666667 26.05666667 33.32489383],13.0,-0.3333333333333333,[26.4647875  64.28469272 26.05666667 26.05666667 33.47943708],False
[26.4647875  64.28469272 26.05666667 26.05666667 33.47943708],13.0,-0.5,[26.07056627 65.0125933  26.05666667 26.05666667 33.63398035],False
[26.07056627 65.0125933  26.05666667 26.05666667 33.63398035],13.0,-0.6666666666666666,[25.67634505 65.74049398 26.05666667 26.05666667 33.78852361],False
[25.67634505 65.74049398 26.05666667 26.05666667 33.78852361],3.0,-2.573477104110502,[25.28212382 66.46839471 26.05666667 26.05666667 33.94306688],False
[25.28212382 66.46839471 26.05666667 26.05666667 33.94306688],4.0,-1.0,[24.88790259 67.19629529 26.05666667 26.05666667 34.09761014],False
[24.88790259 67.19629529 26.05666667 26.05666667 34.09761014],3.0,1.1666666666666667,[24.49368137 67.92419598 26.05666667 26.05666667 34.2521534 ],False
[24.49368137 67.92419598 26.05666667 26.05666667 34.2521534 ],3.0,1.3333333333333333,[24.09946014 68.6520967  26.05666667 26.05666667 34.40669667],False
[24.09946014 68.6520967  26.05666667 26.05666667 34.40669667],3.0,1.5,[23.70523891 69.37999728 26.05666667 26.05666667 34.56123994],False
[23.70523891 69.37999728 26.05666667 26.05666667 34.56123994],3.0,1.6666666666666667,[23.31101768 70.10789797 26.05666667 26.05666667 34.7157832 ],False
[23.31101768 70.10789797 26.05666667 26.05666667 34.7157832 ],4.0,1.8333333333333333,[22.91679645 70.8357987  26.05666667 26.05666667 34.87032646],False
[22.91679645 70.8357987  26.05666667 26.05666667 34.87032646],3.0,2.0,[22.52257523 71.56369928 26.05666667 26.05666667 35.02486973],False
[22.52257523 71.56369928 26.05666667 26.05666667 35.02486973],4.0,2.1666666666666665,[22.128354   72.29159996 26.05666667 26.05666667 35.17941299],False
[22.128354   72.29159996 26.05666667 26.05666667 35.17941299],4.0,2.3333333333333335,[21.73413277 73.01950069 26.05666667 26.05666667 35.33395626],False
[21.73413277 73.01950069 26.05666667 26.05666667 35.33395626],4.0,2.5,[21.33991154 73.74740127 26.05666667 26.05666667 35.48849952],False
[21.33991154 73.74740127 26.05666667 26.05666667 35.48849952],4.0,2.6666666666666665,[20.94569032 74.47530195 26.05666667 26.05666667 35.64304278],False
[20.94569032 74.47530195 26.05666667 26.05666667 35.64304278],4.0,2.8333333333333335,[20.55146909 75.20320268 26.05666667 26.05666667 35.79758605],False
[20.55146909 75.20320268 26.05666667 26.05666667 35.79758605],4.0,3.0,[20.15724786 75.93110326 26.05666667 26.05666667 35.95212932],False
[20.15724786 75.93110326 26.05666667 26.05666667 35.95212932],4.0,3.1666666666666665,[19.76302664 76.65900394 26.05666667 26.05666667 36.10667258],False
[19.76302664 76.65900394 26.05666667 26.05666667 36.10667258],4.0,3.3333333333333335,[19.3688054  77.38690467 26.05666667 26.05666667 36.26121585],False
[19.3688054  77.38690467 26.05666667 26.05666667 36.26121585],4.0,3.5,[18.97458418 78.11480525 26.05666667 26.05666667 36.41575911],False
[18.97458418 78.11480525 26.05666667 26.05666667 36.41575911],4.0,3.6666666666666665,[18.58036295 78.84270594 26.05666667 26.05666667 36.57030237],False
[18.58036295 78.84270594 26.05666667 26.05666667 36.57030237],4.0,3.8333333333333335,[18.18614172 79.57060666 26.05666667 26.05666667 36.72484564],False
[18.18614172 79.57060666 26.05666667 26.05666667 36.72484564],4.0,4.0,[26.05149586 45.20949286 21.36858268 21.36858268 32.29357382],True
[24.8173786  63.43652558 20.2290625  20.2290625  31.66999218],12.0,-0.0,[24.82203958 58.64910656 20.2290625  20.2290625  31.57710275],False
[26.85999605 58.86461395 26.05666667 26.05666667 33.16360853],5.0,-0.16666666666666666,[26.4658136  59.59224141 26.05666667 26.05666667 33.31815578],False
[26.4658136  59.59224141 26.05666667 26.05666667 33.31815578],3.0,-0.3333333333333333,[26.07159238 60.32014217 26.05666667 26.05666667 33.47269905],False
[26.07159238 60.32014217 26.05666667 26.05666667 33.47269905],4.0,-0.5,[25.67737115 61.04804276 26.05666667 26.05666667 33.62724232],False
[25.67737115 61.04804276 26.05666667 26.05666667 33.62724232],4.0,-0.6666666666666666,[25.28314992 61.77594347 26.05666667 26.05666667 33.78178558],False
[25.28314992 61.77594347 26.05666667 26.05666667 33.78178558],4.0,0.8333333333333334,[24.88892869 62.50384416 26.05666667 26.05666667 33.93632885],False
[24.88892869 62.50384416 26.05666667 26.05666667 33.93632885],4.0,1.0,[24.49470746 63.23174475 26.05666667 26.05666667 34.09087211],False
[24.49470746 63.23174475 26.05666667 26.05666667 34.09087211],3.0,1.1666666666666667,[24.10048624 63.95964547 26.05666667 26.05666667 34.24541537],False
[24.10048624 63.95964547 26.05666667 26.05666667 34.24541537],3.0,1.3333333333333333,[23.70626501 64.68754615 26.05666667 26.05666667 34.39995864],False
[23.70626501 64.68754615 26.05666667 26.05666667 34.39995864],3.0,1.5,[23.31204378 65.41544675 26.05666667 26.05666667 34.5545019 ],False
[23.31204378 65.41544675 26.05666667 26.05666667 34.5545019 ],3.0,1.6666666666666667,[22.91782256 66.14334746 26.05666667 26.05666667 34.70904516],False
[22.91782256 66.14334746 26.05666667 26.05666667 34.70904516],3.0,1.8333333333333333,[22.52360133 66.87124814 26.05666667 26.05666667 34.86358843],False
[22.52360133 66.87124814 26.05666667 26.05666667 34.86358843],4.0,2.0,[22.1293801  67.59914874 26.05666667 26.05666667 35.0181317 ],False
[22.1293801  67.59914874 26.05666667 26.05666667 35.0181317 ],4.0,2.1666666666666665,[21.73515887 68.32704945 26.05666667 26.05666667 35.17267496],False
[21.73515887 68.32704945 26.05666667 26.05666667 35.17267496],4.0,2.3333333333333335,[21.34093765 69.05495013 26.05666667 26.05666667 35.32721823],False
[21.34093765 69.05495013 26.05666667 26.05666667 35.32721823],4.0,2.5,[20.94671641 69.78285073 26.05666667 26.05666667 35.48176149],False
[20.94671641 69.78285073 26.05666667 26.05666667 35.48176149],4.0,2.6666666666666665,[20.55249519 70.51075144 26.05666667 26.05666667 35.63630475],False
[20.55249519 70.51075144 26.05666667 26.05666667 35.63630475],4.0,2.8333333333333335,[20.15827396 71.23865213 26.05666667 26.05666667 35.79084802],False
[20.15827396 71.23865213 26.05666667 26.05666667 35.79084802],4.0,3.0,[19.76405273 71.96655272 26.05666667 26.05666667 35.94539128],False
[19.76405273 71.96655272 26.05666667 26.05666667 35.94539128],4.0,3.1666666666666665,[19.36983151 72.69445344 26.05666667 26.05666667 36.09993454],False
[19.36983151 72.69445344 26.05666667 26.05666667 36.09993454],4.0,3.3333333333333335,[18.97561028 73.42235412 26.05666667 26.05666667 36.25447781],False
[18.97561028 73.42235412 26.05666667 26.05666667 36.25447781],4.0,3.5,[18.58138905 74.15025471 26.05666667 26.05666667 36.40902108],False
[18.58138905 74.15025471 26.05666667 26.05666667 36.40902108],4.0,3.6666666666666665,[18.18716783 74.87815543 26.05666667 26.05666667 36.56356434],False
[18.18716783 74.87815543 26.05666667 26.05666667 36.56356434],4.0,3.8333333333333335,[17.7929466  75.60605611 26.05666667 26.05666667 36.71810761],False
[17.7929466  75.60605611 26.05666667 26.05666667 36.71810761],4.0,4.0,[24.92286841 69.44730592 25.52904762 25.52904762 31.83011343],True
[26.01051569 62.22432268 22.15892308 22.15892308 31.53614948],12.0,-0.0,[25.7766201  59.47167701 22.15892308 22.15892308 31.52306331],False
[26.85999605 58.86461395 26.05666667 26.05666667 33.16360853],5.0,-0.16666666666666666,[26.4658136  59.59224141 26.05666667 26.05666667 33.31815578],False
[26.4658136  59.59224141 26.05666667 26.05666667 33.31815578],3.0,-0.3333333333333333,[26.07159238 60.32014217 26.05666667 26.05666667 33.47269905],False
[26.07159238 60.32014217 26.05666667 26.05666667 33.47269905],3.0,-0.5,[25.67737115 61.04804276 26.05666667 26.05666667 33.62724232],False
[25.67737115 61.04804276 26.05666667 26.05666667 33.62724232],5.0,-0.6666666666666666,[25.28314992 61.77594347 26.05666667 26.05666667 33.78178558],False
[25.28314992 61.77594347 26.05666667 26.05666667 33.78178558],5.0,0.8333333333333334,[24.88892869 62.50384416 26.05666667 26.05666667 33.93632885],False
[24.88892869 62.50384416 26.05666667 26.05666667 33.93632885],3.0,1.0,[24.49470746 63.23174475 26.05666667 26.05666667 34.09087211],False
[24.49470746 63.23174475 26.05666667 26.05666667 34.09087211],3.0,1.1666666666666667,[24.10048624 63.95964547 26.05666667 26.05666667 34.24541537],False
[24.10048624 63.95964547 26.05666667 26.05666667 34.24541537],3.0,1.3333333333333333,[23.70626501 64.68754615 26.05666667 26.05666667 34.39995864],False
[23.70626501 64.68754615 26.05666667 26.05666667 34.39995864],3.0,1.5,[23.31204378 65.41544675 26.05666667 26.05666667 34.5545019 ],False
[23.31204378 65.41544675 26.05666667 26.05666667 34.5545019 ],4.0,1.6666666666666667,[22.91782256 66.14334746 26.05666667 26.05666667 34.70904516],False
[22.91782256 66.14334746 26.05666667 26.05666667 34.70904516],3.0,1.8333333333333333,[22.52360133 66.87124814 26.05666667 26.05666667 34.86358843],False
[22.52360133 66.87124814 26.05666667 26.05666667 34.86358843],4.0,2.0,[22.1293801  67.59914874 26.05666667 26.05666667 35.0181317 ],False
[22.1293801  67.59914874 26.05666667 26.05666667 35.0181317 ],3.0,2.1666666666666665,[21.73515887 68.32704945 26.05666667 26.05666667 35.17267496],False
[21.73515887 68.32704945 26.05666667 26.05666667 35.17267496],4.0,2.3333333333333335,[21.34093765 69.05495013 26.05666667 26.05666667 35.32721823],False
[21.34093765 69.05495013 26.05666667 26.05666667 35.32721823],18.0,-2.926172057632357,[20.94671641 69.78285073 26.05666667 26.05666667 35.48176149],False
[20.94671641 69.78285073 26.05666667 26.05666667 35.48176149],4.0,2.6666666666666665,[20.55249519 70.51075144 26.05666667 26.05666667 35.63630475],False
[20.55249519 70.51075144 26.05666667 26.05666667 35.63630475],4.0,2.8333333333333335,[20.15827396 71.23865213 26.05666667 26.05666667 35.79084802],False
[20.15827396 71.23865213 26.05666667 26.05666667 35.79084802],4.0,3.0,[19.76405273 71.96655272 26.05666667 26.05666667 35.94539128],False
[19.76405273 71.96655272 26.05666667 26.05666667 35.94539128],4.0,3.1666666666666665,[19.36983151 72.69445344 26.05666667 26.05666667 36.09993454],False
[19.36983151 72.69445344 26.05666667 26.05666667 36.09993454],4.0,3.3333333333333335,[18.97561028 73.42235412 26.05666667 26.05666667 36.25447781],False
[18.97561028 73.42235412 26.05666667 26.05666667 36.25447781],4.0,3.5,[18.58138905 74.15025471 26.05666667 26.05666667 36.40902108],False
[18.58138905 74.15025471 26.05666667 26.05666667 36.40902108],4.0,3.6666666666666665,[18.18716783 74.87815543 26.05666667 26.05666667 36.56356434],False
[18.18716783 74.87815543 26.05666667 26.05666667 36.56356434],4.0,3.8333333333333335,[17.7929466  75.60605611 26.05666667 26.05666667 36.71810761],False
[17.7929466  75.60605611 26.05666667 26.05666667 36.71810761],4.0,4.0,[24.77518688 70.37820816 21.36513158 21.36513158 33.2964871 ],True
[24.69351023 65.81329715 25.52904762 25.52904762 31.76604397],4.0,0.0,[24.26088831 65.81965357 25.52904762 25.52904762 31.87913036],False
[26.85999605 58.86461395 26.05666667 26.05666667 33.16360853],3.0,-0.16666666666666666,[26.4658136  59.59224141 26.05666667 26.05666667 33.31815578],False
[26.4658136  59.59224141 26.05666667 26.05666667 33.31815578],5.0,-0.3333333333333333,[26.07159238 60.32014217 26.05666667 26.05666667 33.47269905],False
[26.07159238 60.32014217 26.05666667 26.05666667 33.47269905],3.0,-0.5,[25.67737115 61.04804276 26.05666667 26.05666667 33.62724232],False
[25.67737115 61.04804276 26.05666667 26.05666667 33.62724232],3.0,-0.6666666666666666,[25.28314992 61.77594347 26.05666667 26.05666667 33.78178558],False
[25.28314992 61.77594347 26.05666667 26.05666667 33.78178558],3.0,0.8333333333333334,[24.88892869 62.50384416 26.05666667 26.05666667 33.93632885],False
[24.88892869 62.50384416 26.05666667 26.05666667 33.93632885],3.0,1.0,[24.49470746 63.23174475 26.05666667 26.05666667 34.09087211],False
[24.49470746 63.23174475 26.05666667 26.05666667 34.09087211],3.0,1.1666666666666667,[24.10048624 63.95964547 26.05666667 26.05666667 34.24541537],False
[24.10048624 63.95964547 26.05666667 26.05666667 34.24541537],3.0,1.3333333333333333,[23.70626501 64.68754615 26.05666667 26.05666667 34.39995864],False
[23.70626501 64.68754615 26.05666667 26.05666667 34.39995864],3.0,1.5,[23.31204378 65.41544675 26.05666667 26.05666667 34.5545019 ],False
[23.31204378 65.41544675 26.05666667 26.05666667 34.5545019 ],3.0,1.6666666666666667,[22.91782256 66.14334746 26.05666667 26.05666667 34.70904516],False
[22.91782256 66.14334746 26.05666667 26.05666667 34.70904516],3.0,1.8333333333333333,[22.52360133 66.87124814 26.05666667 26.05666667 34.86358843],False
[22.52360133 66.87124814 26.05666667 26.05666667 34.86358843],3.0,2.0,[22.1293801  67.59914874 26.05666667 26.05666667 35.0181317 ],False
[22.1293801  67.59914874 26.05666667 26.05666667 35.0181317 ],3.0,2.1666666666666665,[21.73515887 68.32704945 26.05666667 26.05666667 35.17267496],False
[21.73515887 68.32704945 26.05666667 26.05666667 35.17267496],3.0,2.3333333333333335,[21.34093765 69.05495013 26.05666667 26.05666667 35.32721823],False
[21.34093765 69.05495013 26.05666667 26.05666667 35.32721823],4.0,2.5,[20.94671641 69.78285073 26.05666667 26.05666667 35.48176149],False
[20.94671641 69.78285073 26.05666667 26.05666667 35.48176149],4.0,2.6666666666666665,[20.55249519 70.51075144 26.05666667 26.05666667 35.63630475],False
[20.55249519 70.51075144 26.05666667 26.05666667 35.63630475],4.0,2.8333333333333335,[20.15827396 71.23865213 26.05666667 26.05666667 35.79084802],False
[20.15827396 71.23865213 26.05666667 26.05666667 35.79084802],4.0,3.0,[19.76405273 71.96655272 26.05666667 26.05666667 35.94539128],False
[19.76405273 71.96655272 26.05666667 26.05666667 35.94539128],4.0,3.1666666666666665,[19.36983151 72.69445344 26.05666667 26.05666667 36.09993454],False
[19.36983151 72.69445344 26.05666667 26.05666667 36.09993454],4.0,3.3333333333333335,[18.97561028 73.42235412 26.05666667 26.05666667 36.25447781],False
[18.97561028 73.42235412 26.05666667 26.05666667 36.25447781],4.0,3.5,[18.58138905 74.15025471 26.05666667 26.05666667 36.40902108],False
[18.58138905 74.15025471 26.05666667 26.05666667 36.40902108],4.0,3.6666666666666665,[18.18716783 74.87815543 26.05666667 26.05666667 36.56356434],False
[18.18716783 74.87815543 26.05666667 26.05666667 36.56356434],4.0,3.8333333333333335,[17.7929466  75.60605611 26.05666667 26.05666667 36.71810761],False
[17.7929466  75.60605611 26.05666667 26.05666667 36.71810761],4.0,4.0,[25.83841582 80.25248122 23.63407143 23.63407143 33.32518919],True
[24.76601104 73.3287133  21.36513158 21.36513158 33.35818657],12.0,-0.0,[24.65213293 69.3343755  21.36513158 21.36513158 33.30777465],False
[26.44400956 64.49000861 25.43669014 25.43669014 33.97248989],3.0,-0.16666666666666666,[26.04469847 64.41725394 25.43669014 25.43669014 34.08310549],False
[26.04469847 64.41725394 25.43669014 25.43669014 34.08310549],4.0,-0.3333333333333333,[25.64537337 64.34448577 25.43669014 25.43669014 34.19371989],False
[25.64537337 64.34448577 25.43669014 25.43669014 34.19371989],4.0,-0.5,[25.2460483  64.27171766 25.43669014 25.43669014 34.30433431],False
[25.2460483  64.27171766 25.43669014 25.43669014 34.30433431],4.0,-0.6666666666666666,[24.84672324 64.19894974 25.43669014 25.43669014 34.41494873],False
[24.84672324 64.19894974 25.43669014 25.43669014 34.41494873],3.0,-0.8333333333333334,[24.44739818 64.12618177 25.43669014 25.43669014 34.52556314],False
[24.44739818 64.12618177 25.43669014 25.43669014 34.52556314],3.0,1.0,[24.04807311 64.05341341 25.43669014 25.43669014 34.63617756],False
[24.04807311 64.05341341 25.43669014 25.43669014 34.63617756],3.0,1.1666666666666667,[23.64874804 63.98064531 25.43669014 25.43669014 34.74679197],False
[23.64874804 63.98064531 25.43669014 25.43669014 34.74679197],3.0,1.3333333333333333,[23.24942297 63.90787738 25.43669014 25.43669014 34.85740639],False
[23.24942297 63.90787738 25.43669014 25.43669014 34.85740639],3.0,1.5,[22.85009792 63.83510941 25.43669014 25.43669014 34.96802081],False
[22.85009792 63.83510941 25.43669014 25.43669014 34.96802081],3.0,1.6666666666666667,[22.45077284 63.76234106 25.43669014 25.43669014 35.07863522],False
[22.45077284 63.76234106 25.43669014 25.43669014 35.07863522],3.0,1.8333333333333333,[22.05144777 63.68957295 25.43669014 25.43669014 35.18924964],False
[22.05144777 63.68957295 25.43669014 25.43669014 35.18924964],3.0,2.0,[21.65212271 63.61680503 25.43669014 25.43669014 35.29986406],False
[21.65212271 63.61680503 25.43669014 25.43669014 35.29986406],3.0,2.1666666666666665,[21.25279765 63.54403706 25.43669014 25.43669014 35.41047847],False
[21.25279765 63.54403706 25.43669014 25.43669014 35.41047847],3.0,2.3333333333333335,[20.85347258 63.4712687  25.43669014 25.43669014 35.52109289],False
[20.85347258 63.4712687  25.43669014 25.43669014 35.52109289],3.0,2.5,[20.45414751 63.3985006  25.43669014 25.43669014 35.6317073 ],False
[20.45414751 63.3985006  25.43669014 25.43669014 35.6317073 ],3.0,2.6666666666666665,[20.05482244 63.32573268 25.43669014 25.43669014 35.74232172],False
[20.05482244 63.32573268 25.43669014 25.43669014 35.74232172],8.0,-1.494331791106843,[19.65549739 63.25296471 25.43669014 25.43669014 35.85293614],False
[19.65549739 63.25296471 25.43669014 25.43669014 35.85293614],8.0,3.0,[19.25617231 63.18019635 25.43669014 25.43669014 35.96355055],False
[19.25617231 63.18019635 25.43669014 25.43669014 35.96355055],8.0,3.1666666666666665,[18.85684724 63.10742825 25.43669014 25.43669014 36.07416497],False
[18.85684724 63.10742825 25.43669014 25.43669014 36.07416497],8.0,3.3333333333333335,[18.45752218 63.03466032 25.43669014 25.43669014 36.18477939],False
[18.45752218 63.03466032 25.43669014 25.43669014 36.18477939],8.0,3.5,[18.05819712 62.96189235 25.43669014 25.43669014 36.2953938 ],False
[18.05819712 62.96189235 25.43669014 25.43669014 36.2953938 ],8.0,3.6666666666666665,[17.65887205 62.889124   25.43669014 25.43669014 36.40600822],False
[17.65887205 62.889124   25.43669014 25.43669014 36.40600822],8.0,3.8333333333333335,[17.25954698 62.81635589 25.43669014 25.43669014 36.51662263],False
[17.25954698 62.81635589 25.43669014 25.43669014 36.51662263],8.0,4.0,[25.46278002 82.65566233 22.99904762 22.99904762 33.44020599],True
[24.76601104 73.3287133  21.36513158 21.36513158 33.35818657],12.0,-0.0,[24.65213293 69.3343755  21.36513158 21.36513158 33.30777465],False
[26.44400956 64.49000861 25.43669014 25.43669014 33.97248989],4.0,-0.5786674630797659,[26.04469847 64.41725394 25.43669014 25.43669014 34.08310549],False
[26.04469847 64.41725394 25.43669014 25.43669014 34.08310549],4.0,-0.3333333333333333,[25.64537337 64.34448577 25.43669014 25.43669014 34.19371989],False
[25.64537337 64.34448577 25.43669014 25.43669014 34.19371989],4.0,-0.5,[25.2460483  64.27171766 25.43669014 25.43669014 34.30433431],False
[25.2460483  64.27171766 25.43669014 25.43669014 34.30433431],4.0,-0.6666666666666666,[24.84672324 64.19894974 25.43669014 25.43669014 34.41494873],False
[24.84672324 64.19894974 25.43669014 25.43669014 34.41494873],4.0,-0.8333333333333334,[24.44739818 64.12618177 25.43669014 25.43669014 34.52556314],False
[24.44739818 64.12618177 25.43669014 25.43669014 34.52556314],3.0,1.0,[24.04807311 64.05341341 25.43669014 25.43669014 34.63617756],False
[24.04807311 64.05341341 25.43669014 25.43669014 34.63617756],3.0,1.1666666666666667,[23.64874804 63.98064531 25.43669014 25.43669014 34.74679197],False
[23.64874804 63.98064531 25.43669014 25.43669014 34.74679197],3.0,1.3333333333333333,[23.24942297 63.90787738 25.43669014 25.43669014 34.85740639],False
[23.24942297 63.90787738 25.43669014 25.43669014 34.85740639],3.0,1.5,[22.85009792 63.83510941 25.43669014 25.43669014 34.96802081],False
[22.85009792 63.83510941 25.43669014 25.43669014 34.96802081],3.0,1.6666666666666667,[22.45077284 63.76234106 25.43669014 25.43669014 35.07863522],False
[22.45077284 63.76234106 25.43669014 25.43669014 35.07863522],3.0,1.8333333333333333,[22.05144777 63.68957295 25.43669014 25.43669014 35.18924964],False
[22.05144777 63.68957295 25.43669014 25.43669014 35.18924964],3.0,2.0,[21.65212271 63.61680503 25.43669014 25.43669014 35.29986406],False
[21.65212271 63.61680503 25.43669014 25.43669014 35.29986406],3.0,2.1666666666666665,[21.25279765 63.54403706 25.43669014 25.43669014 35.41047847],False
[21.25279765 63.54403706 25.43669014 25.43669014 35.41047847],3.0,2.3333333333333335,[20.85347258 63.4712687  25.43669014 25.43669014 35.52109289],False
[20.85347258 63.4712687  25.43669014 25.43669014 35.52109289],3.0,2.5,[20.45414751 63.3985006  25.43669014 25.43669014 35.6317073 ],False
[20.45414751 63.3985006  25.43669014 25.43669014 35.6317073 ],3.0,2.6666666666666665,[20.05482244 63.32573268 25.43669014 25.43669014 35.74232172],False
[20.05482244 63.32573268 25.43669014 25.43669014 35.74232172],8.0,-1.494331791106843,[19.65549739 63.25296471 25.43669014 25.43669014 35.85293614],False
[19.65549739 63.25296471 25.43669014 25.43669014 35.85293614],8.0,3.0,[19.25617231 63.18019635 25.43669014 25.43669014 35.96355055],False
[19.25617231 63.18019635 25.43669014 25.43669014 35.96355055],8.0,3.1666666666666665,[18.85684724 63.10742825 25.43669014 25.43669014 36.07416497],False
[18.85684724 63.10742825 25.43669014 25.43669014 36.07416497],8.0,3.3333333333333335,[18.45752218 63.03466032 25.43669014 25.43669014 36.18477939],False
[18.45752218 63.03466032 25.43669014 25.43669014 36.18477939],8.0,3.5,[18.05819712 62.96189235 25.43669014 25.43669014 36.2953938 ],False
[18.05819712 62.96189235 25.43669014 25.43669014 36.2953938 ],8.0,3.6666666666666665,[17.65887205 62.889124   25.43669014 25.43669014 36.40600822],False
[17.65887205 62.889124   25.43669014 25.43669014 36.40600822],8.0,3.8333333333333335,[17.25954698 62.81635589 25.43669014 25.43669014 36.51662263],False
[17.25954698 62.81635589 25.43669014 25.43669014 36.51662263],8.0,4.0,[24.39046076 82.30821395 19.51275229 19.51275229 31.74287604],True
[24.49272563 82.73249865 19.51275229 19.51275229 31.80543543],12.0,-0.0,[24.61096906 77.07236266 19.51275229 19.51275229 31.68126621],False
[26.85999605 58.86461395 26.05666667 26.05666667 33.16360853],3.0,-0.16666666666666666,[26.4658136  59.59224141 26.05666667 26.05666667 33.31815578],False
[26.4658136  59.59224141 26.05666667 26.05666667 33.31815578],3.0,-0.3333333333333333,[26.07159238 60.32014217 26.05666667 26.05666667 33.47269905],False
[26.07159238 60.32014217 26.05666667 26.05666667 33.47269905],3.0,-0.5,[25.67737115 61.04804276 26.05666667 26.05666667 33.62724232],False
[25.67737115 61.04804276 26.05666667 26.05666667 33.62724232],3.0,-0.6666666666666666,[25.28314992 61.77594347 26.05666667 26.05666667 33.78178558],False
[25.28314992 61.77594347 26.05666667 26.05666667 33.78178558],3.0,0.8333333333333334,[24.88892869 62.50384416 26.05666667 26.05666667 33.93632885],False
[24.88892869 62.50384416 26.05666667 26.05666667 33.93632885],3.0,1.0,[24.49470746 63.23174475 26.05666667 26.05666667 34.09087211],False
[24.49470746 63.23174475 26.05666667 26.05666667 34.09087211],3.0,1.1666666666666667,[24.10048624 63.95964547 26.05666667 26.05666667 34.24541537],False
[24.10048624 63.95964547 26.05666667 26.05666667 34.24541537],3.0,1.3333333333333333,[23.70626501 64.68754615 26.05666667 26.05666667 34.39995864],False
[23.70626501 64.68754615 26.05666667 26.05666667 34.39995864],3.0,1.5,[23.31204378 65.41544675 26.05666667 26.05666667 34.5545019 ],False
[23.31204378 65.41544675 26.05666667 26.05666667 34.5545019 ],3.0,1.6666666666666667,[22.91782256 66.14334746 26.05666667 26.05666667 34.70904516],False
[22.91782256 66.14334746 26.05666667 26.05666667 34.70904516],3.0,1.8333333333333333,[22.52360133 66.87124814 26.05666667 26.05666667 34.86358843],False
[22.52360133 66.87124814 26.05666667 26.05666667 34.86358843],3.0,2.0,[22.1293801  67.59914874 26.05666667 26.05666667 35.0181317 ],False
[22.1293801  67.59914874 26.05666667 26.05666667 35.0181317 ],3.0,2.1666666666666665,[21.73515887 68.32704945 26.05666667 26.05666667 35.17267496],False
[21.73515887 68.32704945 26.05666667 26.05666667 35.17267496],3.0,2.3333333333333335,[21.34093765 69.05495013 26.05666667 26.05666667 35.32721823],False
[21.34093765 69.05495013 26.05666667 26.05666667 35.32721823],3.0,2.5,[20.94671641 69.78285073 26.05666667 26.05666667 35.48176149],False
[20.94671641 69.78285073 26.05666667 26.05666667 35.48176149],3.0,2.6666666666666665,[20.55249519 70.51075144 26.05666667 26.05666667 35.63630475],False
[20.55249519 70.51075144 26.05666667 26.05666667 35.63630475],3.0,2.8333333333333335,[20.15827396 71.23865213 26.05666667 26.05666667 35.79084802],False
[20.15827396 71.23865213 26.05666667 26.05666667 35.79084802],3.0,3.0,[19.76405273 71.96655272 26.05666667 26.05666667 35.94539128],False
[19.76405273 71.96655272 26.05666667 26.05666667 35.94539128],4.0,3.1666666666666665,[19.36983151 72.69445344 26.05666667 26.05666667 36.09993454],False
[19.36983151 72.69445344 26.05666667 26.05666667 36.09993454],4.0,3.3333333333333335,[18.97561028 73.42235412 26.05666667 26.05666667 36.25447781],False
[18.97561028 73.42235412 26.05666667 26.05666667 36.25447781],4.0,3.5,[18.58138905 74.15025471 26.05666667 26.05666667 36.40902108],False
[18.58138905 74.15025471 26.05666667 26.05666667 36.40902108],4.0,3.6666666666666665,[18.18716783 74.87815543 26.05666667 26.05666667 36.56356434],False
[18.18716783 74.87815543 26.05666667 26.05666667 36.56356434],4.0,3.8333333333333335,[17.7929466  75.60605611 26.05666667 26.05666667 36.71810761],False
[17.7929466  75.60605611 26.05666667 26.05666667 36.71810761],4.0,4.0,[24.53793123 66.05437088 23.26923077 23.26923077 31.904227  ],True
[24.34989229 43.83998537 23.96948387 23.96948387 31.94746195],4.0,0.0,[24.03300936 43.82808821 23.96948387 23.96948387 31.98388745],False
[26.64254851 66.72209565 25.9645     25.9645     33.52439408],12.0,-0.16666666666666666,[26.24460663 67.31574261 25.9645     25.9645     33.67227919],False
[26.24460663 67.31574261 25.9645     25.9645     33.67227919],4.0,-1.1241011054565508,[25.84665964 67.90958188 25.9645     25.9645     33.8201639 ],False
[25.84665964 67.90958188 25.9645     25.9645     33.8201639 ],3.0,-0.5,[25.44871264 68.5034211  25.9645     25.9645     33.96804861],False
[25.44871264 68.5034211  25.9645     25.9645     33.96804861],3.0,-0.6666666666666666,[25.05076564 69.09726031 25.9645     25.9645     34.11593332],False
[25.05076564 69.09726031 25.9645     25.9645     34.11593332],3.0,-0.8333333333333334,[24.65281864 69.69109952 25.9645     25.9645     34.26381803],False
[24.65281864 69.69109952 25.9645     25.9645     34.26381803],3.0,1.0,[24.25487163 70.28493874 25.9645     25.9645     34.41170273],False
[24.25487163 70.28493874 25.9645     25.9645     34.41170273],3.0,1.1666666666666667,[23.85692463 70.87877795 25.9645     25.9645     34.55958744],False
[23.85692463 70.87877795 25.9645     25.9645     34.55958744],3.0,1.3333333333333333,[23.45897763 71.47261716 25.9645     25.9645     34.70747215],False
[23.45897763 71.47261716 25.9645     25.9645     34.70747215],3.0,1.5,[23.06103063 72.06645638 25.9645     25.9645     34.85535686],False
[23.06103063 72.06645638 25.9645     25.9645     34.85535686],3.0,1.6666666666666667,[22.66308362 72.66029559 25.9645     25.9645     35.00324157],False
[22.66308362 72.66029559 25.9645     25.9645     35.00324157],3.0,1.8333333333333333,[22.26513662 73.2541348  25.9645     25.9645     35.15112627],False
[22.26513662 73.2541348  25.9645     25.9645     35.15112627],3.0,2.0,[21.86718962 73.84797402 25.9645     25.9645     35.29901098],False
[21.86718962 73.84797402 25.9645     25.9645     35.29901098],4.0,2.1666666666666665,[21.46924262 74.44181323 25.9645     25.9645     35.44689569],False
[21.46924262 74.44181323 25.9645     25.9645     35.44689569],4.0,2.3333333333333335,[21.07129562 75.03565244 25.9645     25.9645     35.5947804 ],False
[21.07129562 75.03565244 25.9645     25.9645     35.5947804 ],4.0,2.5,[20.67334861 75.62949166 25.9645     25.9645     35.7426651 ],False
[20.67334861 75.62949166 25.9645     25.9645     35.7426651 ],4.0,2.6666666666666665,[20.27540161 76.22333087 25.9645     25.9645     35.89054981],False
[20.27540161 76.22333087 25.9645     25.9645     35.89054981],4.0,2.8333333333333335,[19.87745461 76.81717008 25.9645     25.9645     36.03843452],False
[19.87745461 76.81717008 25.9645     25.9645     36.03843452],4.0,3.0,[19.47950761 77.4110093  25.9645     25.9645     36.18631923],False
[19.47950761 77.4110093  25.9645     25.9645     36.18631923],4.0,3.1666666666666665,[19.0815606  78.00484851 25.9645     25.9645     36.33420394],False
[19.0815606  78.00484851 25.9645     25.9645     36.33420394],4.0,3.3333333333333335,[18.6836136  78.59868772 25.9645     25.9645     36.48208864],False
[18.6836136  78.59868772 25.9645     25.9645     36.48208864],4.0,3.5,[18.2856666  79.19252694 25.9645     25.9645     36.62997335],False
[18.2856666  79.19252694 25.9645     25.9645     36.62997335],4.0,3.6666666666666665,[17.8877196  79.78636615 25.9645     25.9645     36.77785806],False
[17.8877196  79.78636615 25.9645     25.9645     36.77785806],4.0,3.8333333333333335,[17.4897726  80.38020536 25.9645     25.9645     36.92574277],False
[17.4897726  80.38020536 25.9645     25.9645     36.92574277],4.0,4.0,[25.26068767 46.50262058 21.36858268 21.36858268 32.43476112],True
[25.15337405 76.383056   21.17186747 21.17186747 32.11904439],12.0,-0.0,[25.03996473 72.21682721 21.17186747 21.17186747 32.06216318],False
[26.1988845  56.33993985 26.05666667 26.05666667 32.99534263],3.0,0.16666666666666666,[25.80465836 57.06774196 26.05666667 26.05666667 33.14988535],False
[25.80465836 57.06774196 26.05666667 26.05666667 33.14988535],3.0,0.3333333333333333,[25.41043713 57.79564272 26.05666667 26.05666667 33.30442862],False
[25.41043713 57.79564272 26.05666667 26.05666667 33.30442862],3.0,0.5,[25.01621591 58.5235433  26.05666667 26.05666667 33.45897189],False
[25.01621591 58.5235433  26.05666667 26.05666667 33.45897189],3.0,0.6666666666666666,[24.62199468 59.25144398 26.05666667 26.05666667 33.61351515],False
[24.62199468 59.25144398 26.05666667 26.05666667 33.61351515],3.0,0.8333333333333334,[24.22777345 59.97934471 26.05666667 26.05666667 33.76805842],False
[24.22777345 59.97934471 26.05666667 26.05666667 33.76805842],5.0,1.0,[23.83355222 60.70724529 26.05666667 26.05666667 33.92260168],False
[23.83355222 60.70724529 26.05666667 26.05666667 33.92260168],5.0,1.1666666666666667,[23.439331   61.43514597 26.05666667 26.05666667 34.07714494],False
[23.439331   61.43514597 26.05666667 26.05666667 34.07714494],5.0,1.3333333333333333,[23.04510977 62.1630467  26.05666667 26.05666667 34.23168821],False
[23.04510977 62.1630467  26.05666667 26.05666667 34.23168821],3.0,1.5,[22.65088854 62.89094728 26.05666667 26.05666667 34.38623147],False
[22.65088854 62.89094728 26.05666667 26.05666667 34.38623147],3.0,1.6666666666666667,[22.25666732 63.61884797 26.05666667 26.05666667 34.54077473],False
[22.25666732 63.61884797 26.05666667 26.05666667 34.54077473],5.0,1.8333333333333333,[21.86244608 64.34674869 26.05666667 26.05666667 34.695318  ],False
[21.86244608 64.34674869 26.05666667 26.05666667 34.695318  ],3.0,2.0,[21.46822486 65.07464927 26.05666667 26.05666667 34.84986127],False
[21.46822486 65.07464927 26.05666667 26.05666667 34.84986127],3.0,2.1666666666666665,[21.07400363 65.80254996 26.05666667 26.05666667 35.00440453],False
[21.07400363 65.80254996 26.05666667 26.05666667 35.00440453],3.0,2.3333333333333335,[20.6797824  66.53045069 26.05666667 26.05666667 35.1589478 ],False
[20.6797824  66.53045069 26.05666667 26.05666667 35.1589478 ],3.0,2.5,[20.28556117 67.25835127 26.05666667 26.05666667 35.31349106],False
[20.28556117 67.25835127 26.05666667 26.05666667 35.31349106],3.0,2.6666666666666665,[19.89133995 67.98625195 26.05666667 26.05666667 35.46803432],False
[19.89133995 67.98625195 26.05666667 26.05666667 35.46803432],3.0,2.8333333333333335,[19.49711872 68.71415268 26.05666667 26.05666667 35.62257759],False
[19.49711872 68.71415268 26.05666667 26.05666667 35.62257759],3.0,3.0,[19.10289749 69.44205326 26.05666667 26.05666667 35.77712085],False
[19.10289749 69.44205326 26.05666667 26.05666667 35.77712085],4.0,3.1666666666666665,[18.70867627 70.16995394 26.05666667 26.05666667 35.93166411],False
[18.70867627 70.16995394 26.05666667 26.05666667 35.93166411],4.0,3.3333333333333335,[18.31445504 70.89785467 26.05666667 26.05666667 36.08620738],False
[18.31445504 70.89785467 26.05666667 26.05666667 36.08620738],4.0,3.5,[17.92023381 71.62575525 26.05666667 26.05666667 36.24075065],False
[17.92023381 71.62575525 26.05666667 26.05666667 36.24075065],4.0,3.6666666666666665,[17.52601258 72.35365593 26.05666667 26.05666667 36.39529391],False
[17.52601258 72.35365593 26.05666667 26.05666667 36.39529391],4.0,3.8333333333333335,[17.13179135 73.08155666 26.05666667 26.05666667 36.54983718],False
[17.13179135 73.08155666 26.05666667 26.05666667 36.54983718],4.0,-4.0,[24.49272563 82.73249865 19.51275229 19.51275229 31.80543543],True
[25.60721433 69.80955938 20.2290625  20.2290625  31.81804754],13.0,-0.0,[25.57839504 64.84558532 20.2290625  20.2290625  31.72901258],False
[26.85135926 70.51449989 25.43669014 25.43669014 33.9725606 ],12.0,-0.16666666666666666,[26.45204661 70.44180742 25.43669014 25.43669014 34.08317607],False
[26.45204661 70.44180742 25.43669014 25.43669014 34.08317607],12.0,-0.3333333333333333,[26.05272149 70.36903939 25.43669014 25.43669014 34.19379048],False
[26.05272149 70.36903939 25.43669014 25.43669014 34.19379048],12.0,-0.5,[25.6533964  70.29627153 25.43669014 25.43669014 34.30440488],False
[25.6533964  70.29627153 25.43669014 25.43669014 34.30440488],3.0,-2.05113213387163,[25.25407129 70.22350398 25.43669014 25.43669014 34.41501929],False
[25.25407129 70.22350398 25.43669014 25.43669014 34.41501929],3.0,-0.8333333333333334,[24.85474617 70.1507358  25.43669014 25.43669014 34.5256337 ],False
[24.85474617 70.1507358  25.43669014 25.43669014 34.5256337 ],3.0,-1.0,[24.45542109 70.07796793 25.43669014 25.43669014 34.6362481 ],False
[24.45542109 70.07796793 25.43669014 25.43669014 34.6362481 ],4.0,-1.1666666666666667,[24.05609598 70.00520038 25.43669014 25.43669014 34.7468625 ],False
[24.05609598 70.00520038 25.43669014 25.43669014 34.7468625 ],3.0,1.3333333333333333,[23.65677086 69.9324322  25.43669014 25.43669014 34.85747691],False
[23.65677086 69.9324322  25.43669014 25.43669014 34.85747691],3.0,1.5,[23.25744577 69.85966434 25.43669014 25.43669014 34.96809132],False
[23.25744577 69.85966434 25.43669014 25.43669014 34.96809132],3.0,1.6666666666666667,[22.85812066 69.78689679 25.43669014 25.43669014 35.07870572],False
[22.85812066 69.78689679 25.43669014 25.43669014 35.07870572],3.0,1.8333333333333333,[22.45879554 69.71412861 25.43669014 25.43669014 35.18932013],False
[22.45879554 69.71412861 25.43669014 25.43669014 35.18932013],4.0,2.0,[22.05947046 69.64136075 25.43669014 25.43669014 35.29993453],False
[22.05947046 69.64136075 25.43669014 25.43669014 35.29993453],3.0,2.1666666666666665,[21.66014535 69.56859319 25.43669014 25.43669014 35.41054894],False
[21.66014535 69.56859319 25.43669014 25.43669014 35.41054894],4.0,2.3333333333333335,[21.26082022 69.49582502 25.43669014 25.43669014 35.52116334],False
[21.26082022 69.49582502 25.43669014 25.43669014 35.52116334],4.0,2.5,[20.86149514 69.42305715 25.43669014 25.43669014 35.63177775],False
[20.86149514 69.42305715 25.43669014 25.43669014 35.63177775],4.0,2.6666666666666665,[20.46217003 69.3502896  25.43669014 25.43669014 35.74239215],False
[20.46217003 69.3502896  25.43669014 25.43669014 35.74239215],4.0,2.8333333333333335,[20.06284491 69.27752142 25.43669014 25.43669014 35.85300656],False
[20.06284491 69.27752142 25.43669014 25.43669014 35.85300656],4.0,3.0,[19.66351983 69.20475356 25.43669014 25.43669014 35.96362096],False
[19.66351983 69.20475356 25.43669014 25.43669014 35.96362096],4.0,3.1666666666666665,[19.26419472 69.131986   25.43669014 25.43669014 36.07423537],False
[19.26419472 69.131986   25.43669014 25.43669014 36.07423537],4.0,3.3333333333333335,[18.86486959 69.05921783 25.43669014 25.43669014 36.18484978],False
[18.86486959 69.05921783 25.43669014 25.43669014 36.18484978],4.0,3.5,[18.46554451 68.98644996 25.43669014 25.43669014 36.29546418],False
[18.46554451 68.98644996 25.43669014 25.43669014 36.29546418],4.0,3.6666666666666665,[18.0662194  68.91368241 25.43669014 25.43669014 36.40607858],False
[18.0662194  68.91368241 25.43669014 25.43669014 36.40607858],4.0,3.8333333333333335,[17.66689428 68.84091423 25.43669014 25.43669014 36.51669299],False
[17.66689428 68.84091423 25.43669014 25.43669014 36.51669299],4.0,4.0,[24.76601104 73.3287133  21.36513158 21.36513158 33.35818657],True
[26.05149586 45.20949286 21.36858268 21.36858268 32.29357382],12.0,0.0,[25.91163573 41.27819681 21.36858268 21.36858268 32.24438799],False
